,Predictions,Actual
0,207.13174853872394,209.77999900000003
1,211.30703346152566,208.669998
2,210.17439773961365,212.600006
3,213.844076430853,213.059998
4,214.36292784506614,215.220001
5,216.60221765488353,218.30000299999998
6,219.53091104564103,218.059998
7,219.47015399381038,221.910004
8,223.24036162278264,219.059998
9,220.6567697399415,221.149994
10,222.88116099039846,221.770004
11,223.44181921569495,222.139999
12,221.6287087261903,221.440002
13,222.38615846061063,221.32000699999998
14,218.90673912443063,219.75999500000003
15,210.7714801970832,217.940002
16,212.2830052254276,214.869995
17,211.44293540967664,217.789993
18,213.6876942425374,223.229996
19,191.52595109929004,209.52999900000003
20,186.80120280216178,201.910004
21,171.7397074844446,204.190002
22,179.04434310378522,209.830002
23,166.20964558448674,210.110001
24,164.69508191453468,210.850006
25,178.10154675658515,212.33000200000004
26,177.21549213984858,213.059998
27,181.88020846173288,207.190002
28,210.41277751806527,210.75999500000003
29,226.55214381446407,213.139999
30,244.76508309635327,214.179993
31,242.8103516486774,217.800003
32,242.2937576542945,217.490005
33,249.80855601689646,214.580002
34,262.3733273922897,210.179993
35,257.38926490344323,200.720001
36,261.64039914680126,196.770004
37,291.0600690898151,197.199997
38,256.2689496567025,189.75
39,259.5944395720286,192.470001
40,262.71119044086754,196.440002
41,268.9235825260577,185.889999
42,284.9261453538211,191.759995
43,293.36056794235816,185.169998
44,279.26592621530244,181.089996
